pattern,replacement
세종시소방본부,세종소방본부 
하늘 도시,하늘도시 
인천타워, 인천타워 
신호듬,신호등 
골든하버,골든하버 
교통 대책,교통대책 
지하철, 지하철  
뚜껑이,뚜껑 
m버스는,m버스 
m버스를,m버스 
노선을,노선 
버스 정류장,버스정류장 
버스 노선,버스노선 
원안대로,원안 
1호선,1호선 
2호선,2호선 
3호선,3호선 
4호선,4호선 
5호선,5호선 
6호선,6호선 
7호선,7호선 
8호선,8호선 
9호선,9호선 
마을버스,마을버스 
검단지역에,검단지역 
청라제일풍경채,제일풍경채 
경자청,경제자유구역청 
경제청,경제자유구역청 
경제자유구역청,경제자유구역청 
e편한세상,이편한세상 
송도에,송도 
송도의,송도 
국제업무지구의,국제업무지구 
국제업무지구에,국제업무지구 
11공구는,11공구 
11공구에,11공구 
유치를,유치 
유치에,유치 
유치와,유치 
시의,시 
도시공사를,도시공사 
영종도와,영종도 
공사를,공사 
버스노선과,버스노선 
영흥도에,영흥도 
영종지구를,영종지구 
다리로,다리 
관리주체에,관리주체 
불친절에,불친절 
건축공사로,건축공사 
서류접수에,서류접수 
방지시설의,방지시설 
물이,물 
도로에,도로 
도로가,도로 
차량이,차량 
차량을,차량 
차를,차 
전화가,전화 
이사를,이사 
이사로,이사 
수도가,수도 
주차를,주차 
속도로,속도 
본인이,본인 
계량기가,계량기 
수도요금이,수도요금 
시민이,시민 
돈을,돈 
주차장에,주차장 
연락을,연락 
담당자가,담당자 
소리가,소리 
냄새가,냄새 
인도에,인도 
주차된,주차 
누수가,누수 
누수로,누수 
인입되었으나,인입 
안내받은,안내 
번호가,번호 
문자가,문자 
전화하니,전화 
요금을,요금 
접수를,접수 
통화를,통화 
통화가,통화 
남동구에,남동구 
서구에,서구 
입금이,입금 
차에,차 
문자를,문자 
경찰서에,경찰서 
연락처가,연락처 
쓰레기를,쓰레기 
병원에,병원 
남동구청에,남동구청 
안내를,안내 
음성이,음성 
직원이,직원 
계량기를,계량기 
길을,길 
주소가,주소 
강아지가,강아지 
단속이,단속 
서구청에,서구청 
주말에,주말 
담당자와,담당자 
담당자를,담당자 
연락처를,연락처 
술을,술 
상담을,상담 
전화해도,전화 
전화했더니,전화 
전화를,전화 
택시가,택시 
주인이,주인 
서류를,서류 
당직실로,당직실 
터미널로,터미널 
버스가,버스 
버스는,버스 
번호로,번호 
시청에,시청 
터미널인지,터미널 
1터미널인지,1터미널 
1터미널로,1터미널 
2터미널인지,2터미널 
2터미널로,2터미널 
제2여객터미널로,제2여객터미널 
연락이,연락 
비행기가,비행기 
비행기를,비행기 
시간이,시간 
양이가, 고양이 
양이를, 고양이 
길고양이가,길고양이 
길고양이를,길고양이
강아지를,강아지 
개가,강아지 
개를,강아지 
유기견이,유기견 
새끼고양이가,새끼고양이 
등록을,등록 
비둘기가,비둘기 
물건을,물건 
보호중이,보호중
한마리가,한마리 
담당자에게,담당자 
통신판매업을,통신판매업 
목줄을,목줄 
구청에,구청 
일을,일 
금액이,금액 
수급비가,수급비 
수급자이고,수급자 
수급자로,수급자 
수급자가,수급자 
자녀가,자녀 
혜택을,혜택 
혜택이,혜택 
어머니가,어머니 
급여가,급여 
아이를,아이 
동주민센터에,동주민센터 
동주민센터로,동주민센터 
주민센터로,주민센터 
사항이,사항 
내용이,내용 
내용을,내용 
부서로,부서 
본인은,본인 
어린이집을,어린이집 
도움을,도움 
주거급여가,주거급여 
아버님이,아버님 
일자리를,일자리 
우편물을,우편물 
원금이,원금 
팩스로,팩스 
소득이,소득 
자격이,자격 
안내문을,안내문
엄마가,엄마 
주민센터에,주민센터 
통장에,통장 
통장을,통장 
부평구에,부평구 
이사옴,이사 
환자가,환자 
남구에,남구 
기초생활수급자이며,기초생활수급자 
기초생활수급자이고,기초생활수급자 
기초생활수급자가,기초생활수급자 
수급자는,수급자 
부서가,부서 
연수구로,연수구 
시청의,시청 
담당부서와,담당부서 
결과를,결과 
동생이,동생 
수입이,수입 
동사무소에,동사무소 
1월에,1월 
2월에,2월 
3월에,3월 
4월에,4월 
5월에,5월 
6월에,6월 
7월에,7월 
8월에,8월 
9월에,9월 
10월에,10월 
11월에,11월 
12월에,12월 
주소지는,주소지 
제도가,제도 
주소지가,주소지 
가족이,가족 
거주하,거주 
장애인이고,장애인 
환자분이,환자 
병원비가,병원비 
서울에,서울 
입원을,입원 
교육이,교육 
교육을,교육 
계급여, 생계급여 
어머님이,어머님 
배우자가,배우자 
부모님이,부모님 
분실로,분실 
무료로,무료 
양육수당이,양육수당 
양육수당을,양육수당 
남편이,남편 
결제가,결제 
미추홀구로,미추홀구 
미추홀구에,미추홀구 
급여를,급여 
어르신이,어르신 
아동수당을,아동수당 
부모가,부모 
이야기를,이야기 
기준에,기준 
시민에게,시민 
아이돌보미로,아이돌보미 
서비스가,서비스 
부평에,부평 
다리가,다리 
조건이,조건 
방문을,방문 
업무가,업무 
번호만,번호 
노숙인이,노숙인 
홈페이지에,홈페이지 
담당부서에,담당부서 
출산장려금을,출산장려금 
혜택에,혜택 
아파트에,아파트 
외국인이,외국인 
1층에,1층 
결과에,결과 
안내문이,안내문 
아빠가,아빠 
아이가,아이 
훈련을,훈련 
훈련이,훈련 
통지서를,통지서 
일정이,일정 
민방위훈련을,민방위훈련 
근무를,근무 
과태료가,과태료 
통지서가,통지서 
거주지는,거주지 
참석을,참석 
교육에,교육 
날짜가,날짜 
일정에,일정 
연수구에,연수구 
결과가,결과 
방송을,방송 
필증을,필증 
접속이,접속 
동구에,동구 
안내서를,안내서 
회사를,회사 
회사는,회사 
객정보란에,객정보란 
음식을,음식 
영업을,영업 
흡연을,흡연 
담배를,담배 
단속만,단속 
식당을,식당 
음식점을,음식점 
가게를,가게 
테이블을,테이블 
판매를,판매 
위승계, 지위승계 
위승계로, 지위승계 
벌레가,벌레 
자격증을,자격증 
세무서에,세무서 
공동명의로,공동명의 
폐업을,폐업 
카페를,카페 
미용실을,미용실 
연기가,연기 
상가에,상가 
대표자가,대표자 
위생상태가,위생상태 
보건소로,보건소 
보건소에,보건소 
식당이,식당 
식당에,식당 
유통기한이,유통기한 
보험을,보험 
위생교육은,위생교육 
보건증이,보건증 
자격증이,자격증 
음식점이,음식점 
소독을,소독 
주류를,주류 
바퀴벌레가,바퀴벌레 
가게가,가게 
대리인이,대리인 
약을,약 
검사를,검사 
천막을,천막 
신규등록시,신규등록 
경찰에,경찰 
건강진단서를,건강진단서 
송도동에,송도동 
등록된,등록 
반찬을,반찬 
상호를,상호 
계약을,계약 
폐업이,폐업 
커피숍을,커피숍 
업종을,업종 
영업이,영업 
업자등록증을,업자등록증 
머리카락이,머리카락 
업주가,업주 
식중독에,식중독 
식품을,식품 
양수인이,양수인 
1년에,1년 
의자를,의자 
운영중이며,운영중 
현장에,현장 
상호만,상호 
업종이,업종 
제품을,제품
병원이,병원 
위생교육필증이,위생교육필증 
곰팡이가,곰팡이 
흡연구역이,흡연구역 
술집이,술집 
김치를,김치 
이름을,이름 
위생과와,위생과 
객정보란, 고객정보란 
행사가,행사 
행사를,행사 
수영장이,수영장 
공연이,공연 
강좌를,강좌 
관리를,관리 
축제를,축제 
수영을,수영 
시설이,시설 
등록이,등록 
장사를,장사 
월요일에,월요일 
화요일에,화요일 
수요일에,수요일 
목요일에,목요일 
금요일에,금요일 
토요일에,토요일 
일요일에,일요일 
pc방을,pc방 
개관했,개관 
관광을,관광 
운동을,운동 
환불을,환불 
환불이,환불 
도서관이,도서관 
도서관을,도서관 
헬스장이,헬스장 
건물에,건물 
내용에,내용 
당구장을,당구장 
시민은,시민 
선학동에,선학동 
이동이,이동 
타이어가,타이어 
하차도, 지하차도 
대공원에,대공원 
파손이,파손 
대공원내,대공원 
차량에,차량 
구멍이,구멍 
예약이,예약 
톨게이트나,톨게이트 
톨게이트비,톨게이트 
톨게이트인근,톨게이트 
톨게이트전,톨게이트 
톨케이트,톨게이트 
예약사이트가,예약사이트 
에스컬레이트가,에스컬레이트 
부평톨게이트를,부평톨게이트 
계획이,계획 
부서안내로,부서안내 
아스팔트가,아스팔트 
작업을,작업 
구간이,구간 
공사가,공사 
새벽에,새벽 
아침에,아침 
점심에,점심 
저녁에,저녁 
로그인이,로그인 
방향에,방향 
도로의,도로 
도로공사로,도로공사 
포장을,포장 
1차선에,1차선 
낙하물로,낙하물 
도로는,도로 
방향의,방향 
수리를,수리 
시민안전보험이,시민안전보험 
상담사가,상담사 
위험이,위험 
주차장이,주차장 
조치를,조치 
119로,119
119를,119
119에,119
가입을,가입 
거리에,거리 
공사는,공사 
과적을,과적 
대교와,대교 
방법이,방법 
부서에,부서 
시민님,시민 
시민들,시민 
시민의,시민 
위치에,위치 
차량의,차량 
화장실이,화장실 
공문이,공문 
뉴스를,뉴스 
보상은,보상 
버섯을,버섯 
소방법에,소방 
송도쪽,송도 
소화기를,소화기 
소화전을,소화전 
앞유리가,앞유리 
압류가,압류 
씽크홀이,씽크홀 
위치는,위치 
위치가,위치 
유리가,유리 
유리는,유리 
이동할,이동 
이해가,이해 
자동차가,자동차 
작동이,작동 
자전거를,자전거 
주차장을,주차장 
공지를,공지 
공원을,공원 
도로공사가,도로공사 
도서관에,도서관 
미세먼지가,미세먼지 
번호는,번호 
범퍼가,범퍼 
보수가,보수 
분양을,분양 
분양권을,분양권 
영종도에,영종도 
머리가,머리 
동기가,동기 
용도가,용도 
자료를,자료 
상가를,상가 
기사를,기사 
토지가,토지 
청라지역에,청라지역 
매매를,매매 
시간에,시간 
영종에,영종 
영주권을,영주권 
흙을 ,
경제자유구역내,경제자유구역청 
경제구역청,경제자유구역청
경제자유구역청내,경제자유구역청 
아파트가,아파트 
원인을,원인 
소명자료를,소명자료 
신도시에,신도시 
부지가,부지 
악취로,악취 
계약서에,계약서 
화장실을,화장실 
증여계약서를,증여계약서 
통제를,통제 
서류가,서류 
청라관리과에,청라관리과 
철거를,철거 
통행에,통행 
중국인이,중국인 
분양권에,분양권 
조명이,조명 
건축물대장이,건축물대장 
예매가,예매 
조회가,조회 
세금계산서를,세금계산서 
업체로,업체 
손님을,손님 
제한이,제한 
공사장에,공사장 
연수구청이,연수구청 
시장님,시장 
시장면담,면담 
주무관과,주무관 
동별대표자들의,동별대표자들 
제2공철,제2공항철도 
제2 공항철도,제2공항철도 
불법자산이관에,불법자산이관 
개발원은,개발원 
건립을,건립 
101역사에,101역사 
장애인 전용주차구역,장애인전용주차구역 
불법 주차,불법주차 
불법 정차,불법정차 
불법정차,불법주정차 
불법주차,불법주정차 
불법광고물,불법광고 
도로파손,도로파손 
오토바이를,오토바이 
옹벽기초는,옹벽기초 
무단쓰레기,쓰레기무단투기 
쓰레기 무단투기,쓰레기무단투기 
쓰레기 방치,쓰레기무단투기 
주차공간을,주차공간 
통행이,통행 
운전자와,운전자 
수리불가판정에,수리불가판정 
체육 시설,체육시설 
저장을,저장 
개인정보가,개인정보 
노출됩,노출 
주차구역에,주차구역 
건축과에,건축과 
피해를,피해 
보행이,보행 
과반수가,과반수 
7명이,7명 
7명만,7명 
꼬맹이가,꼬맹이
도시까스,도시가스 
보수좀,보수 
교통정책과에,교통과 
동네가,동네 
담당이,담당 
불법영업에,불법영업 
상가와,상가 
설명을,설명 
불법건물,불법건축물 
업체가,업체 
업체도,업체 
오토바이가,오토바이 
인도를,인도 
인도와,인도 
차도를,차도 
차도에,차도 
출입을,출입
출퇴근를,출퇴근 
출퇴근을,출퇴근 
편리를,편리 
트럭이,트럭 
선거를,선서 
정기회의를,정기회의 
싱크홀에,싱크홀 
쓰레기는,쓰레기 
안내글을,안내글
노력을,노력 
세대에,세대 
처리에,처리 
cctv도,cctv 
cctv도 ,cctv 
cctv좀,cctv 
수거를,수거 
수거마저,수거 
수거가,수거 
냄새는,냄새 
냄새의,냄새 
논현동도,논현동 
도화지구를,도화지구 
동춘동에,동춘동 
아이의,아이 
공사소리에,공사소리 
시위가,시위 
시위소리,시위 
입주민들은,입주민 
입주민이,입주민 
입주민입,입주민 
하루를,하루 
스트레스가,스트레스 
휴식에,휴식 
휴일인,휴일 
관계자와,관계자 
증거자료가,증거자료 
행정처분을,행정처분 
방법은,방법
소득활동은,소득활동 
아르바이트가,아르바이트 
아르바이트는,아르바이트 
아르바이트를,아르바이트 
어머니는,어머니 
어머니와,어머니 
친구는,친구 
친구와,친구 
접수할,접수 
접수는,접수 
개관이,개관 
센터는,센터 
체육시설에,체육시설 
이용안내나,이용안내 
상황에,상황 
정보가,정보 
걱정이,걱정 
건강이,건강 
스트레스를,스트레스 
스트레스받습,스트레스 
시간입,시간 
주소창에,주소창 
갤러리에,갤러리 
촬영일시를,촬영일시 
횡단보도를,횡단보도 
위험을,위험 
위생가,위생 
위생과,위생 
주차대란이,주차대란 
주차장공간을,주차장공간 
철거가,철거 
공간을,공간 
가게앞을,가게 
단속을,단속 
업무를,업무 
일과가,일과 
출근길에,출근길 
아파트는,아파트 
보도 블록,보도블록 
보도 블럭,보도블록 
보도블럭,보도블록 
보도블록이지,보도블록 
점포입,점포 
청과물과,청과물 
작업자가,작업자 
현장소장이,현장소장 
꽁초를,꽁초 
운전자가,운전자 
봉투를,봉투 
버스를,버스 
버스의,버스 
버스정류장이,버스정류장 
운전자의,운전자 
운전자인것,운전자 
운행태도에,운행태도 
운행한,운행 
정류장과,정류장 
정류장인,정류장 
단속인원은,단속인원 
시간을,시간 
주차할,주차 
주정차는,주정차 
연락도,연락 
반사경이,반사경 
경찰서가,경찰서 
위반사항에,위반사항 
위반이,위반 
불법튜닝이,불법튜닝 
불법스티커를,불법스티커 
인사사고가,인사사고 
호송중,호송중 
청와대가,청와대 
청와대에,청와대 
청와대는,청와대 
공단을,공단 
공단의,공단
공단인,공단 
남구의,남구 
남동공단이였,남동공단 
장애인자리에,장애인자리 
빌라주차장앞무단주차로주차및출차통행,무단주차 
수시로,수시 
시비가,시비 
첨부사진은,첨부사진 
국민을,국민 
좌측과,좌측 
엘이디,led 
촬영된,촬영 
영상입,영상 
배드민턴장,배드민턴 
차들은,자동차 
코너에,코너 
플랜카드를,플랜카드 
불편과,불편 
빌라에,빌라 
주민이,주민 
호수에,호수 
경비한테,경비 
시비를,시비 
계비지원을,계비지원 
명품방화문이,명품방화문 
공업소와,공업소 
불안장애에,불안장애 
물상이,물상 
시성을,시설 
명품방화문이,명품방화문
임시천막형태의,임시천막형태 
환기를,환기 
건물형태를,건물형태 
남구청을,남구청 
당진고물상이,당진고물상 
당진아원이,당진자원 
망치를,망치 
불안장애가,불안장애 
소리에,소리 
수면에,수면 
시간조차,시간 
신경을,신경 
원룸거주지랑,원룸거주지 
원룸건물,원룸건물 
원룸과,원룸 
원룸에,원룸 
원룸이,원룸 
이해할,이해 
인간의,인간 
인접해,인접 
작업소가,작업소 
작업장안,작업장 
작업장을,작업장 
주거지와,주거지 
정신과에,정신과 
주말작업은,주말작업 
규제에,규제 
기준을,기준 
분진에,분진 
문을,문 
시설을,시설 
방문하,방문 
위치헤어,위치 
조립식창고라,조립식창고 
과태료를,과태료 
만원에,만원 
만원이,만원 
만월을,만월
만원을,만원 
신문고에,신문고 
주차위반을,주차위반
진환운수에,진환운수 
사항과,사항 
회사가,회사 
개관할,개관 
사랑과,사랑 
용현동에,용현동 
대지가,대지 
건축물관리대장에,건축물관리대장 
현장사진입,현장사진 
임대를,임대 
투룸이,투룸 
저장된,저장 
주차칸을,주차칸 
제거하지,제거 
초등학교옆,초등학교 
초등학교앞,초등학교 
초등학교뒤,초등학교 
중학교옆,중학교 
중학교앞,중학교 
중학교뒤,중학교 
고등학교옆,고등학교 
고등학교앞,고등학교 
고등학교뒤,고등학교 
대학교옆,대학교 
대학교앞,대학교 
대학교뒤,대학교 
영업에,영업 
방해를줍,방해 
도로와,도로 
대로로,대로 
안전을,안전 
님께, 
반사판에,반사판 
주차봉을,주차봉 
시정조취,시정조치 
종합주차였,종합주차 
주차위반을,주차위반 
위치해어,위치 
피해가,피해 
전봇대가,전봇대 
원룸을,원룸 
담당직원의,담당직원 
공무원을,공무원 
봉사단체에,봉사단체 
운영에,운영 
재개발에,재개발 
위반에,위반 
거주지역의,거주지역 
공영주차장의,공영주차장 
콜택시가,콜택시 
콜택시에,콜택시 
콜택시는,콜택시 
부평구청의,부평구청 
버스에,버스 
관광은,관광 
정류장명,정류장 
주차로,주차 
개발의,개발 
토지에,토지 
직원들에,직원 
처분에,처분 
주민센터의,주민센터 
보전을,보전 
라오스와,라오스 
상호협력을,상호협력 
거주건물의,거주건물 
시공단,시설관리공단 
시설공단,시설관리공단 
종합건설본부의,종합건설본부 
승소에,승소 
교장의,교장 
공무원에,공무원 
해지에,해지 
농구골대,농구골대 
쓰레기가,쓰레기 
청소를,청소 
무단투기로,무단투기 
투기와,투기 
공구를,공구 
목소리를,목소리 
비공유로,비공유 
부서를,부서 
부서는,부서 
공무원들,공무원 
보도에,보도 
증설을,증설 
랜드마크시티의,랜드마크시티 
한늘도시,하늘도시 
국토부와,국토부 
연수구청은,연수구청 
대응방법을,대응방법 
마을에,마을 
직원에,직원 
인상부과에,인상부과 
상수도사업본부에,상수도사업본부 
만월당을,만월당 
온라인여행상품판매에,온라인여행상품판매 
거주를,거주 
교육될,교육 
진입을,진입 
중단된,중단 
집단의,집단 
명장선정에,명장선정 
보육정책에,보육정책 
보육정책이,보육정책 
보육정책을,보육정책 
부실시공에,부실시공 
부실시공이,부실시공 
부실시공을,부실시공 
부착은,부착 
부착이,부착 
부착을,부착 
북성포구,북성포 
체납에,체납 
체납을,체납 
체납이,체납 
체납과,체납 
환원에,환원 
환원을,환원 
환원이,환원 
행정업무에,행정업무 
행정업무를,행정업무 
행정업무가,행정업무 
행정업무는,행정업무 
적색등이,적색등 
홍보관과,홍보관 
홍보관이,홍보관 
확장계획을,확장계획 
확장계획이,확장계획 
한양건설의,한양건설 
한양건설이,한양건설 
소송의,소송 
영종은,영종 
담배꽁초가,담배꽁초 
골목에,골목 
골목이,골목 
골목은,골목 
블루코어시티의,블루코어시티 
상황은,상황 
명칭을,명칭 
롯데월드타워가,롯데월드타워 
부지에,부지 
토지반환을,토지반환 
위상을,위상 
효과를,효과 
랜드마크가,랜드마크 
가치를,가치 
감리단의,감리단 
불법자산이관은,불법자산이관 
불통행정입,불통행정 
제2역의,제2역 
23토막을,23토막 
송도내부순환,송도내부순환 
트램이,트램 
자산이관된,자산이관 
창출과,창출 
송도국제도시로,송도국제도시 
논의를,논의 
증설은,증설 
인수위의,인수위 
인수위가,인수위 
인수위는,인수위 
원안개발을,원안개발 
청라소각장의,청라소각장 
개통을,개통 
집하장이,집하장 
완화를,완화 
철도의,철도 
철도가,철도 
철도는,철도 
전수조사를,전수조사 
소각장의,소각장 
금지와,금지 
경관조명을,경관조명 
원동력이,원동력 
산업통상자원부가,산업통상자원부 
송도sk뷰와,송도sk뷰 
영종역과,영종역 
관계기관의,관계기관 
대교에,대교 
개교가,개교 
행정자치부가,행정자치부 
청라국제도시를,청라국제도시 
제2공항철도의,제2공항철도 
구청은,구청 
구청이,구청 
준설을,준설 
항만공사에,항만공사 
계획에,계획 
유치해,유치 
시티를,시티 
영종국제도시내,영종국제도시 
영종하늘도시와,영종하늘도시 
영종하늘도시에,영종하늘도시 
관리기관에,관리기관 
화학물질을, 화학물질 
국가철도사업에,국가철도사업 
인하로를,인하로 
독시착공을,동시착공 
증설이,증설 
공무원의,공무원 
버스노선이,버스노선 
입구에,입구 
아이들을,아이들 
조성사업의,조성사업 
홈플러스로,홈플러스 
홈플러스가,홈플러스 
홈플러스는,홈플러스 
홈플러스에서,홈플러스 
이마트가,이마트 
이마트는,이마트 
이마트의,이마트 
이마트를,이마트 
센트럴시티에,센트럴시티 
제일건설에,제일건설 
제일건설은,제일건설 
제일건설이,제일건설 
보수를,보수 
업무지구에,업무지구 
구글이,구글 
구글과,구글 
구글에서,구글 
수돗물이,수돗물 
수돗물에서,수돗물 
열병이,열병 
열병은,열병 
기광고와,광고 
8공구에,8공구 
공약사업입,공약사업 
교통수단입,교통수단 
해양수산부에,해양수산부 
검단이,검단 
터미널역삼,터미널역 
선정을,선정 
쇼핑몰,쇼핑몰 
버스정책과에,버스정책과 
쇼핑몰입구로,쇼핑몰입구 
청라소각장은,청라소각장 
착공에,착공 
공무원이,공무원 
예산낭비인,예산낭비 
수인선과,수인선 
불편을,불편 
증설중지와,증설중지 
환경부와,환경부 
시정을,시정 
시정해,시정 
부담금에,부담금 
담당지역을,담당지역 
국제업무지역이,국제업무지역 
허허벌판인,허허벌판 
담당구역도,담당구역 
방법을,방법 
광고가,광고 
광고로,광고 
광고는,광고 
상태를,상태 
상태가,상태 
상태는,상태 
아파트를,아파트 
아파트에서,아파트 
성화를,성화 
성화가,성화 
성화는,성화 
기사에,기사 
기사는,기사 
기사가,기사 
영종을,영종 
1공구내,1공구 
2공구내,2공구 
3공구내,3공구 
4공구내,4공구 
5공구내,5공구 
6공구내,6공구 
7공구내,7공구 
8공구내,8공구 
9공구내,9공구 
집하장을,집하장 
원안사수와,원안사수 
담당자의,담당자 
횡포가,횡포 
횡포를,횡포 
횡포는,횡포 
공약은,공약 
공약이,공약 
공약을,공약 
광고에,광고 
노선은,노선 
노선이,노선 
입장을,입장 
입장이,입장 
개편이,개편 
개편을,개편 
개편과,개편 
도시와,도시 
도시가,도시 
도시는,도시 
도시를,도시 
경관을,경관 
경관이,경관 
경관과,경관 
경관은,경관 
소방에,소방 
소방을,소방 
장이,장 
장에,장 
장은,장 
업체를,업체 
프로그램을,프로그램 
프로그램이,프로그램 
프로그램은,프로그램 
기관을,기관 
기관이,기관 
기관은,기관 
기관에,기관 
방지를,방지 
방지가,방지 
방지는,방지 
시공에,시공 
시공은,시공 
시공이,시공 
빌라의,빌라 
빌라가,빌라 
빌라는,빌라 
빌라에서,빌라 
---------------------,------------------
님을,님 
님이,님 
님은,님 
님께,님 
님의,님 
님에,님 
씨를,씨 
씨가,씨 
씨께,씨 
대에,대 
대는,대 
대를,대 
대의,대 
면의,면 
면이,면 
면을,면 
동을,동 
동이,동 
동은,동 
동의,동 
소의,소 
소가,소 
소는,소 
수를,수 
수가,수 
수는,수 
실을,실 
실이,실 
실은,실 
랑의,랑 
분을,분 
분이,분 
분은,분 
류를,류 
류는,류 
류의,류 
도를,도 
도가,도 
포를,포 
포가,포 
포는,포 
팀을,팀 
팀이,팀 
팀에,팀 
원은,원 
원이,원 
원의,원 
원에,원 
원을,원 
원과,원 
스에,스 
스는,스 
스가,스 
스를,스 
집을,집 
집이,집 
집은,집 
집에,집 
집좀,집 
집과,집 
집의,집 
집도,집 
학에,학 
학은,학 
학이,학 
학을,학 
장을,장
장은,장  
회를,회 
회가,회 
회는,회 
즈의,즈 
즈가,즈 
생을,생 
생이,생 
생에,생  
민을,민 
민이,민 
민은,민
민의,민  
터의,터 
터가,터 
터는,터 
터도,터  
션을,션 
션이,션 
행을,행 
행이,행
행에,행 
행을,행  
해에,해 
해는,해 
해가,해 
해를,해
제와,제 
제는,제 
자에,자 
자는,자 
자로,자 
복을,복 
복이,복 
복은,복 
번기사님,기사님 
진영협성신축공사,진영협성아파트신축공사 
진영 협성아파트 신축공사,진영협성아파트신축공사 
등이,등 
등은,등 
등을,등 
등에,등 
등과,등 
편이,편 
편을,편 
편은,편 
편에,편 
길에,길 
길은,길 
길이,길 
차가,차 
차는,차 
차의,차 
차나,차  
시를,시  
시는,시 
시에,시 
시나,시 
시란,시  
시로,시 
시와,시 
트를,트 
트가,트 
트는,트 
트의,트 
트에,트 
트로,트 
천에,천 
천은,천 
천이,천 
천을,천 
리를,리 
리가,리 
리는,리 
리의,리 
리에,리 
리좀,리 
리로,리 
리와,리  
선이,선 
선을,선 
선은,선 
선에,선 
사로,사 
사가,사 
사는,사 
사의,사 
문에,문 
문의,문 
문은,문 
문이,문 
문입,문 
문를,문  
로에,로 
로는,로 
로가,로 
로의,로 
물의,물 
물을,물 
물은,물 
물에,물 
물에서,물  
병이,병 
병의,병 
병은,병 
병을,병 
병에,병 
상의,상 
상에,상 
상은,상 
상을,상 
너를,너 
너가,너 
너는,너 
너의,너 
막이,막 
막을,막 
막은,막 
막의,막 
소로,소 
연에,연 
연의,연 
연은,연 
연을,연 
점을,점 
점은,점 
점의,점 
점과,점 
적이,적 
적은,적 
적과,적 
적을,적 
인에,인 
인을,인 
인은,인 
안에,안 
안은,안 
밖에,밖 
밖은,밖 
밖을,밖 
식을,식 
식이,식 
식은,식 
식과,식 
야는,야 
야의,야 
야에,야 
야와,야 
곡에,곡 
곡은,곡 
곡이,곡 
곡을,곡 
빛이,빛 
빛을,빛 
빛은,빛 
빛과,빛 
료는,료 
료가,료 
료의,료 
료를,료 
료로,료 
료에,료 
스의,스 
스나,스 
호를,호 
호가,호 
호는,호 
호의,호 
호와,호 
사를,사 
사에,사 
방에,방 
방은,방 
방이,방 
방을,방 
력을,력 
력이,력 
력과,력 
전을,전 
전이,전 
전은,전 
계를,계 
계가,계 
계는,계 
계와,계 
계라,계 
계이,계 
과는,과 
과의,과 
과를,과 
과가,과 
과에,과 
표가,표 
표는,표 
표의,표 
표를,표 
말이,말 
말은,말 
말과,말 
말을,말 
말에,말 
기의,기 
기는,기 
기가,기 
기를,기 
기와,기 
기로,기 
불법 쓰레기 투기,쓰레기무단투기 
쓰레기 투기,쓰레기무단투기 
쓰레기 무단 투기,쓰레기무단투기 
담배꽁초 불법투기,담배꽁초투기 
담배 꽁초 무단 투기,담배꽁초투기 
담배꽁초 무단 투기,담배꽁초투기 
담배꽁초 투기,담배꽁초투기 
장애인 주차   불법주정차,장애인불법주정차 
장애인 주차  불법주정차,장애인불법주정차 
장애인  주차,장애인불법주정차 
장애인 주차   에 불법주정차,장애인불법주정차
장애인 주차  비장애인차량 주차,장애인불법주정차 
장애인 주차,장애인불법주정차 
장애인   불법주정차,장애인불법주정차 
장애인 불법주정차,장애인불법주정차 
장애인 정주차  불법주정차,장애인불법주정차 
장애인   주차,장애인불법주정차 
장애인 정 주차,장애인불법주정차 
장애인주차,장애인불법주정차 
터에,터 
터를,터 
터좀,터 
터와,터  
사와,사 
도의,도 
도는,도 
물과,물 
물좀,물 
물로,물 
물입,물 
루는,루 
루와,루 
루를,루 
루가,루 
루의,루 
부가,부 
부는,부 
부를,부 
부의,부 
책이,책 
책은,책 
책을,책 
책과,책 
책에,책 
태에,태 
태는,태 
태를,태 
태와,태 
활을,활 
활이,활 
활과,활 
활은,활 
활에,활 
유를,유 
유가,유 
유는,유 
관은,관 
관이,관 
관을,관 
관과,관 
관의,관  
지에,지 
지는,지 
지가,지 
지를,지 
지와,지 
지의,지 
답을,답 
답은,답 
답이,답 
답과,답 
의를,의 
의는,의 
의와,의 
의가,의 
권을,권 
권이,권 
권은,권 
권에,권 
업의,업 
업은,업 
업과,업 
업이,업 
힘과,힘 
힘은,힘 
힘이,힘 
힘을,힘 
구를,구 
구도,구 
구는,구 
구가,구 
구의,구 
구와,구 
구에,구   
해를,해 
해의,해 
해와,해 
색이,색 
색은,색 
색을,색 
색과,색 
청을,청 
청이,청 
청은,청 
청의,청 
수돗물사태,수돗물 
수도물,수돗물 
수돗물적수,수돗물 적수 
101 역사,101역사 
101역사,101역 
붉은 수돗물,붉은수돗물 
붉은물,붉은수돗물 
적수,붉은수돗물 
2기 신도시,2기신도시 
2기 검단신도시,2기검단신도시 
2기 검단 신도시,2기검단신도시 
검단신도시101역,검단시도시 101역 
3기 신도시,3기신도시 
상수도 사업본부,상수도사업본부 
획이,획 
획은,획 
획을,획 
획과,획 
안이,안 
공을,공 
공은,공 
공이,공 
공과,공 
설이,설 
설은,설 
설과,설 
설을,설 
모와,모 
모는,모 
모를,모 
상이,상 
상과,상 
싱이,싱 
민과,민 
북에,북 
북을,북 
북은,북 
북과,북 
북이,북 
입에,입 
입은,입 
입을,입 
입이,입 
도에,도 
용에,용 
용은,용 
용을,용 
용과,용 
용의,용 
용으,용  
고가,고 
고의,고 
고는,고 
고를,고 
고와,고 
고에,고
단이,단   
단의,단 
단을,단 
단과,단 
단은,단 
단에,단 
천의,천 
천과,천 
사항입,사항 
자가,자 
자의,자 
자와,자 
자를,자 
심을,심 
심이,심 
심과,심 
택이,택 
택은,택 
택과,택 
택을,택 
소에,소 
소를,소 
템이,템 
템을,템 
템과,템 
템은,템 
동에,동 
동과,동 
교가,교 
교는,교 
교의,교 
교를,교 
교와,교 
교에,교 
수에,수 
수의,수 
수와,수 
체의,체 
체는,체 
체가,체 
체를,체 
체에,체 
체와,체 
금지2,금지 
수퍼트리,슈퍼트리 
죄가,죄 
죄는,죄 
죄의,죄 
죄를,죄 
실에,실 
실과,실 
실로,실  
명의,명 
명은,명 
명이,명 
명을,명 
명에,명 
수돗물믿고,수돗물 
불을,불 
불이,불 
불은,불 
불과,불 
불에,불 
면에,면 
면은,면 
면과,면 
난폭운,난폭운전 
업에,업 
업을,업 
업으,업 
단내,단 
원내,원 
물내,물 
로내,로 
한의,한 
한은,한 
한에,한 
한이,한 
한을,한 
땅에,땅 
땅을,땅 
땅과,땅 
땅이,땅 
땅으,땅  
점이,점 
점에,점 
치에,치 
치가,치 
치를,치 
치는,치 
법에,법 
법이,법 
법을,법 
법과,법 
법은,법 
건에,건 
건을,건 
건과,건 
건이,건 
줄을,줄  
줄이,줄 
줄은,줄 
줄과,줄 
줄에,줄 
위를,위 
위가,위 
위는,위 
위에,위 
위의,위 
립에,립 
립이,립 
립은,립 
립과,립 
립을,립 
무로,무 
무는,무 
무가,무 
무를,무 
무와,무 
읍간,읍 
읍에,읍 
읍이,읍 
읍은,읍 
읍과,읍 
읍을,읍 
선의,선 
선과,선 
번을,번 
번이,번 
번에,번 
번과,번 
비해,비 
벽에,벽 
벽은,벽 
벽을,벽 
벽과,벽 
벽이,벽 
종을,종 
종에,종 
종과,종 
제애,제 
제에,제 
제가,제 
제를,제 
제와,제
제의,제  
재를,재 
재가,재 
재는,재 
재에,재 
열이,열 
열과,열 
열에,열 
열을,열 
출과,출 
출은,출 
출에,출 
출이,출 
통을,통 
통에,통 
통이,통 
통좀,통 
페에,페 
페를,페 
페가,페 
페는,페 
크로,크 
크는,크 
크를,크 
크가,크 
크에,크 
크요,크 
회에,회 
스요,스 
스와,스 
풍에,풍 
풍은,풍 
풍이,풍 
풍을,풍 
풍과,풍 
풍의,풍 
목이,목 
목을,목 
목에,목 
목과,목 
목의,목 
구에,구 
사해,사 
정에,정 
정은,정 
정이,정 
정을,정 
량은,량 
량에,량 
량이,량 
량을,량  
정과,정 
정의,정 
독해,독 
독을,독 
독은,독 
독과,독 
독이,독 
간이,간 
간의,간 
간에,간 
간과,간 
간을,간 
칙에,칙 
칙을,칙 
칙이,칙 
칙과,칙 
트을,트 
트사이,트 
트와,트 
초를,초 
초가,초 
초의,초 
초에,초 
반을,반 
반에,반 
반의,반 
반과,반 
세에,세 
세는,세 
세와,세 
세를,세 
망의,망 
망이,망 
망에,망 
망은,망 
망을,망 
장입,장 
밭에,밭 
밭이,밭 
밭을,밭 
밭과,밭 
택에,택 
택의,택 
율에,율 
율이,율 
율과,율 
급에,급 
급을,급 
급은,급 
급이,급 
급과,급  
축에,축 
축을,축 
축과,축 
축이,축 
퍼가,퍼 
퍼는,퍼 
퍼의,퍼 
퍼와,퍼 
퍼에,퍼 
양에,양 
양은,양 
양을,양 
양과,양 
게의,게 
게를,게 
게가,게 
게와,게 
령이,령 
령은,령 
령과,령 
령을,령 
니를,니 
니가,니 
니와,니 
니에,니 
홀을,홀 
홀에,홀 
홀이,홀 
홀과,홀 
홀은,홀 
보를,보 
보가,보 
보는,보 
보의,보 
현에,현 
현이,현 
현을,현 
현은,현 
손에,손 
손을,손 
손이,손 
손과,손 
뢰에,뢰 
뢰를,뢰 
뢰가,뢰 
률과,률 
률을,률 
률이,률 
률에,률 
역에,역 
역을,역 
역이,역 
역과,역 
역은,역 
역의,역 
로를,로 
로로,로 
로쪽,로 
로입,로 
판을,판 
판에,판 
판과,판 
판이,판 
무에,무 
무가,무
무의,무 
금에,금 
금을,금 
금이,금 
금과,금 
금은,금 
금의,금 
영이,영 
영은,영 
영을,영 
영과,영 
영의,영 
산에,산 
산과,산 
산을,산 
리외,리 
장의,장 
장을,장 
장도,장 
남은,남 
남이,남 
남에,남 
남과,남 
압이,압 
압을,압 
압에,압 
압은,압 
길의,길 
길과,길 
이가,이 
이를,이 
이는,이 
이와,이 
이에,이 
둥이,둥 
둥을,둥 
둥에,둥 
둥은,둥 
좀해,좀 
준이,준 
준을,준 
준에,준 
준과,준 
준은,준 
설로,설 
설에,설 
판의,판 
식에,식 
량과,량 
량입,량 
당에,당 
당의,당 
당은,당 
당이,당 
당을,당 
도로오,도로 
b수녀회,수녀회 
입구로,입구 
입구는,입구 
입구와,입구 
입구가,입구 
획에,획 
take out,takeout 
약에,약 
약은,약 
약이,약 
라에,라 
라는,라 
라의,라 
라가,라 
서를,서 
서는,서 
서의,서 
서가,서 
서와,서 
서에,서 
익을,익 
익이,익 
익은,익 
익과,익 
익에,익 
들을,들 
들에,들 
들이,들 
들과,들 
들은,들 
들를,들  
장인가,장 
허수아비인가,허수바이 
적의,적 
적에,적 
미가,미 
미는,미 
미의,미 
미에,미 
미를,미 
신호등좀,신호등 
오염된,오염 
컨이,컨 
컨좀,컨 
컨을,컨 
컨과,컨 
컨에,컨 
새에,새 
새가,새 
새를,새 
새의,새 
새와,새 
새여,새 
밑에,밑 
밑이,밑 
밑을,밑 
밑과,밑 
일에,일 
일은,일 
일과,일 
일이,일 
껑을,껑 
껑이,껑 
껑과,껑 
껑에,껑 
션에,션 
션과,션 
애를,애 
애가,애 
애의,애 
애는,애 
애와,애 
의에,의 
감에,감 
감은,감 
감과,감 
감이,감 
감을,감 
눈에,눈 
눈을,눈 
눈과,눈 
눈좀,눈 
눈이,눈 
널을,널 
널이,널 
널과,널 
널은,널 
널에,널 
널좀,널 
수좀,수 
수해,수  
취가,취  
취는,취 
취의,취 
취와,취 
취를,취 
변에,변 
변이,변 
변과,변 
변을,변 
변은,변 
신이,신 
신을,신 
신과,신 
신에,신 
신은,신 
앙에,앙 
앙은,앙 
앙이,앙 
앙을,앙 
앙과,앙 
부에,부 
드에,드 
드는,드 
드가,드 
드를,드 
드의,드 
장애인붛법주차,장애인불법주정차 
가에,가 
가는,가 
가의,가 
가가,가 
가와,가 
가를,가 
록의,록 
록은,록 
록에,록 
록을,록 
록이,록 
석에,석 
석은,석 
석이,석 
석과,석 
석을,석 
쎈터,센터 
아동으,아동 
탑이,탑 
탑에,탑 
탑과,탑 
탑을,탑 
타의,타 
타는,타 
타가,타 
타다,타 
타와,타 
힐의,힐 
힐은,힐 
힐이,힐 
힐과,힐 
힐에,힐 
무단점거요,무단점거 
다가,다 
다는,다 
다에,다 
다를,다 
다와,다 
질에,질 
질이,질 
질은,질 
질과,질 
킨이,킨 
킨을,킨 
킨과,킨 
킨에,킨 
속은,속 
속이,속 
속을,속 
속에,속 
분에,분 
분과,분 
황은,황 
황이,황 
황을,황 
황에,황 
황과,황 
포에,포 
포의,포 
포와,포 
주차단속요,주차단속 
입구v,입구 
화를,화 
화는,화 
온의,온 
온이,온 
온은,온 
온에,온 
확을,확 
확이,확 
확은,확 
확에,확 
턴이,턴 
턴을,턴 
턴에,턴 
턴의,턴 
턴과,턴 
닥에,닥 
닥은,닥 
닥이,닥 
닥을,닥 
의무화히,의무하 
원있,원 
원입,원 
건설있,건설 
꽃을,꽃 
꽃이,꽃 
꽃에,꽃 
꽃은,꽃 
주물공장, 주물공장 
주물 공장, 주물공장 
담이,담 
담을,담 
담에,담 
담과,담 
담은,담 
얼이,얼 
얼은,얼 
얼에,얼 
얼과,얼 
령에,령 
재앙입,재앙 
래의,래 
래는,래 
래를,래 
래가,래 
래와,래 
비의,비 
비가,비 
비는,비 
비를,비 
비와,비 
비에게,비 
불소 수돗물, 불소수돗물 
강을,강 
강이,강 
강은,강 
강에,강 
강과,강 
수돗물불소, 불소수돗물 
모가,모 
모에,모 
급의,급 
급과,급 
소뒤,소 
소앞,소 
소좀,소 
항에,항 
항은,항 
항과,항 
항이,항 
연이,연 
연과,연 
대기업편의,대기업편 
뷰에,뷰 
뷰는,뷰 
뷰와,뷰 
뷰가,뷰 
뷰를,뷰 
매에,매 
매를,매 
매가,매 
매는,매 
추모의,추모 
패를,패 
패가,패 
패는,패 
패의,패 
패와,패 
경이,경 
경은,경 
경에,경 
경을,경 
철의,철 
화에,화 
화와,화 
철에,철 
철은,철 
철과,철 
게으트볼,게이트볼 
합이,합 
합에,합 
합을,합 
합과,합 
합은,합 
거에,거 
거는,거 
거가,거 
거를,거 
거와,거 
거나,거 
여에,여 
여는,여 
여와,여 
여를,여 
모입,모 
염을,염 
염이,염 
염에,염 
염은,염 
염과,염 
류가,류 
류와,류 
냄세,냄새 
산건,산 
산좀,산 
산의,산 
검을,검 
검이,검 
검에,검 
검과,검 
검은,검 
프가,프 
프는,프 
프의,프 
프를,프 
프와,프 
전에,전 
돈이,돈 
돈에,돈 
돈과,돈 
돈은,돈 
해해,해 
덮강아지,강아지 
횡단보도어,횡단보도 
울이,울 
울에,울 
울은,울 
울과,울 
막에,막 
막과,막 
브에,브 
논을,논 
품을,품 
키를,키 
번버스기사,버스기사 
증을,증 
착을,착 
객의,객 
조합의,조합 
쓰레기태우,쓰레기
착에,착 
액에,액 
자입,자 
설의,설 
촬영할,촬영 
러를,러 
러의,러 
러가,러 
러는,러 
러와,러 
입주에,입주 
입주전,입주 
년의,년 
년이,년 
년은,년 
년에,년 
년을,년 
결을,결 
결에,결 
스좀,스 
차와,차 
녘에,녘 
녘이,녘 
녘을,녘 
녘은,녘 
길좀,길 
촌에,촌 
록입,록 
턱이,턱 
감독의,감독 
방법의,방법 
관리해,관리 
관계나,관계 
관계의,관계 
동네에,동네 
측의,측 
못이,못 
흙이,흙 
식당과,식당 
시티의,시티 
락이,락 
락은,락 
락과,락 
락에,락 
상가쪽,상가 
만에,만 
만은,만 
만이,만 
만과,만 
만을,만 
쓰레기태우,쓰레기 
본을,본 
묹제,문제 
고통받,고통 
테스트용,테스트 
관리비에,관리비 
방식의,방식 
님도,님 
님과,님 
산불의,산불 
산불이,산불 
산불은,산불 
산불과,산불 
산불을,산불 
산불에,산불 
노총이,노총 
박이,박 
박을,박 
박은,박 
박에,박 
박과,박 
경찰관,경찰관 
경찰을,경찰 
경찰이,경찰 
경찰은,경찰 
경찰과,경찰 
운동장진영,운동장 
운동장쪽,운동장 
공원안,공원 
공원쪽,공원 
체증이,체증 
체증은,체증 
체증에,체증 
번호나,번호 
콜에,콜 
콜은,콜 
콜과,콜 
콜이,콜 
갓길,갓길 
거리였,거리 
멧돼지,멧돼지 
부과,부과 
산사태,산사태 
시끄러,시끄러 
을을,을 
엄마,엄마 
일본,일본 
전화,전화 
불편함,불편 
----------------,
도시만,도시 
도시에,도시 
brt,brt 
cctv,cctv 
횡단보도,횡단보도 
구역재개발,구역재개발 
확정하,확정 
주를,주 
주는,주 
주와,주 
주에,주 
봄엔,봄 
여름엔,여름 
가을엔,가을 
겨울엔,겨울 
성을,성 
성엔,성 
성은,성 
폐쇄,폐쇄 
항을,항 
킹을,킹 
킹이,킹 
킹과,킹 
킹에,킹 
킹은,킹 
안을,안 
나이스미추,나이스미추 
찰에,찰 
우에,우 
우는,우 
우와,우 
우를,우 
발을,발 
발은,발 
발이,발 
발에,발 
발과,발 
텔로,텔 
텔이,텔 
텔은,텔 
텔과,텔 
텔을,텔 
최를,최 
최에,최 
최가,최 
최는,최 
최의,최 
최와,최 
송에,송 
송은,송 
송에게,송 
송으로,송 
궁을,궁 
궁이,궁 
궁은,궁 
궁에,궁 
궁과,궁 
탕에,탕 
탕은,탕 
탕이,탕 
탕과,탕 
탕을,탕 
판은,판 
카메라,카메라 
물도,물 
행될,행 
임을,임 
거함,거함 
금액,금액 
계좌,계좌 
-------------,
개를,개 
개가,개 
개는,개 
작을,작 
작은,작 
작과,작 
취에,취 
음에,음 
음을,음 
음과,음 
격이,격 
견을,견 
라를,라 
환에,환 
환을,환 
환과,환 
환이,환 
왕으,왕 
유에,유 
부와,부 
액은,액 
역으,역 
말다툼,말다툼 
어를,어 
어는,어 
어와,어 
객을,객 
객과,객 
객은,객 
커를,커 
터로,터 
길로,길 
차해,차 
항가,항 
화도,화 
규로,규 
승해,승 
간은,간 
들도,들 
악을,악 
목은,목 
짜를,짜 
짜가,짜 
짜는,짜 
짜와,짜 
짜에,짜 
차할,차 
녀와,녀 
녀는,녀 
녀를,녀 
녀가,녀 
험이,험 
납을,납 
납이,납 
납은,납 
납과,납 
솔을,솔 
름이,름 
야를,야 
름에,름 
증은,증 
증이,증 
증에,증 
험을,험 
험에,험 
험은,험 
굴을,굴 
굴이,굴 
굴에,굴 
굴과,굴 
텔에,텔 
속터미널,고속터미널 
빠와,빠 
빠는,빠 
빠가,빠 
빠를,빠 
끼를,끼 
끼는,끼 
끼가,끼 
워가,워 
워는,워 
워를,워 
워에,워 
파크라,파크 
콤에,콤 
콤은,콤 
콤이,콤 
콤을,콤 
게에,게 
게을,게 
게밖,게 
뼈가,뼈 
뼈는,뼈 
뼈와,뼈 
뼈를,뼈 
릉에,릉 
릉은,릉 
릉을,릉 
릉과,릉 
좌가,좌 
좌는,좌 
좌를,좌 
좌와,좌 
조를,조 
조는,조 
조와,조 
기능이,기능 
회복무요,사회복무요 
사회복무요,사회복무요원 
패스로,패스 
콘이,콘 
콘은,콘 
콘을,콘 
콘에,콘 
공화당,공화당 
선으,선 
국할,국 
입할,입 
이렌, 싸이렌 
망보험금,사망보험금 
폰을,폰 
입해,입 
탄이,탄 
티는,티 
티에,티 
티를,티 
티와,티 
티가,티 
그린 PC,그린PC 
팀의,팀 
팀은,팀 
팀과,팀 
소각에,소각 
소각을,소각 
소각은,소각 
족에,족 
족은,족 
족이,족 
족과,족 
족을,족 
날에,날 
날은,날 
날과,날 
날이,날 
제나,제 
소와,소 
캔에,캔 
캔을,캔 
캔과,캔 
캔이,캔 
을에,을 
을은,을 
을과,을 
폰이,폰 
폰에,폰 
외에,외 
외는,외 
외를,외 
캡은,캡 
캡이,캡 
캡을,캡 
캡과,캡 
캡에,캡 
드와,드 
t를,t 
t역,t 
t은,t 
y로,y 
y에,y 
y를,y 
gle,gle 
m를,m 
m이,m 
뷰의,뷰 
직에,직 
직의,직 
직은,직 
필수입,필수 
납된,납 
철이,철 
음이,음 
음은,음 
슬에,슬 
슬은,슬 
슬이,슬 
영에,영 
람에,람 
람은,람 
람이,람 
람을,람 
람과,람 
현수막,현수막 
품에,품 
품은,품 
품이,품 
보에,보 
널의,널 
낮으,낮 
카를,카 
카와,카 
카는,카 
카에,카 
불법 옥외광고물,불법광고물 
불법 유동광고물,불법광고물 
쓰레기 방치,쓰레기방치 
투기 신고,투기신고 
도로 보수,도로보수 
램에,램 
램을,램 
램이,램 
램은,램 
램과,램 
보와,보 
표에,표 
계에,계 
언과,언 
언에,언 
언을,언 
--------,
처와,처 
처를,처 
처는,처 
처에,처 
아와,아 
롯데리아,롯데리아 
커에,커 
커는,커 
커와,커 
커가,커 
뇨에,뇨 
뇨는,뇨 
뇨를,뇨 
뇨가,뇨 
협에,협 
협이,협 
협은,협 
협과,협 
협을,협 
협에서,협 
짚을,짚 
짚이,짚 
짚과,짚 
짚에,짚 
종은,종 
종에서,종 
애완견,애완견 
션도,션 
킬은,킬 
킬이,킬 
킬에,킬 
킬과,킬 
드과,드 
뇨와,뇨 
노와,노 
노는,노 
노에,노 
노를,노 
러를,러 
러는,러 
러에,러 
러와,러 
러가,러 
템에,템 
템을,템 
템은,템 
템과,템 
갈취,갈취 
조성해,조성 
켓에,켓 
켓은,켓 
켓을,켓 
켓과,켓 
트코로,트코 
마스크,마스크 
학원,학원 
약국,약국 
캐시백,캐시백 
소음도,소음 
골든하버,골든하버 
신현동,신현원창동 
에절약,절약 